<?xml version="1.0" encoding="utf-8"?>
<trendyol><item><id>4616617</id><urun_adi>armonika</urun_adi><images><img-a>https://www.trendyol.com//Assets/ProductImages/oa/68/4616617/1/6660001254358_1_org_zoom.jpg</img-a><img-b>https://www.trendyol.com//Assets/ProductImages/oa/68/4616617/1/6660001254358_2_org_zoom.jpg</img-b><img-c>https://www.trendyol.com//Assets/ProductImages/oa/68/4616617/1/6660001254358_3_org_zoom.jpg</img-c><img-d>https://www.trendyol.com/</img-d><img-e>https://www.trendyol.com/</img-e><img-f>https://www.trendyol.com/</img-f></images><urun_aciklamasi>Kadın Siyah Kolu Renkli Balonlu Elbise ARM-19K001215</urun_aciklamasi><urun_stok>999</urun_stok><ceo>Kadın Siyah Kolu Renkli Balonlu Elbise ARM-19K001215</ceo><urun_kelimeleri>Giyim/Elbise</urun_kelimeleri><meta_basligi>armonika</meta_basligi><meta_aciklaması>İlham Veren Stiller by Armonika - Kadın Tekstil</meta_aciklaması><urun_etikeleri>Giyim-Elbise</urun_etikeleri><urun_anaFiyati>49.95</urun_anaFiyati><urun_indirimOrani>Sepette %25 İndirim</urun_indirimOrani><urun_satis_fiyati>37.46</urun_satis_fiyati><urun_kategorisi>Giyim/Elbise</urun_kategorisi></item><item><id>26845359</id><urun_adi>Pull &amp; Bear</urun_adi><images><img-a>https://www.trendyol.com//assets/product/images/1614/46147846/1/1_org_zoom.jpg</img-a><img-b>https://www.trendyol.com//assets/product/images/1614/46147846/2/2_org_zoom.jpg</img-b><img-c>https://www.trendyol.com//assets/product/images/1614/46147846/3/3_org_zoom.jpg</img-c><img-d>https://www.trendyol.com//assets/product/images/1614/46147846/4/4_org_zoom.jpg</img-d><img-e>https://www.trendyol.com//assets/product/images/1614/46147846/5/5_org_zoom.jpg</img-e><img-f>https://www.trendyol.com/</img-f></images><urun_aciklamasi>Kadın Siyah Denim Mini Elbise 05390300</urun_aciklamasi><urun_stok>999</urun_stok><ceo>Kadın Siyah Denim Mini Elbise 05390300</ceo><urun_kelimeleri>Giyim/Elbise</urun_kelimeleri><meta_basligi>Pull &amp; Bear</meta_basligi><meta_aciklaması/><urun_etikeleri>Giyim-Elbise</urun_etikeleri><urun_anaFiyati>119.95</urun_anaFiyati><urun_indirimOrani/><urun_satis_fiyati>79.95</urun_satis_fiyati><urun_kategorisi>Giyim/Elbise</urun_kategorisi></item><item><id>31297395</id><urun_adi>Xhan</urun_adi><images><img-a>https://www.trendyol.com//assets/product/images/23695/56269209/1/1_org_zoom.jpg</img-a><img-b>https://www.trendyol.com//assets/product/images/23695/56269209/2/2_org_zoom.jpg</img-b><img-c>https://www.trendyol.com//assets/product/images/23695/56269209/3/3_org_zoom.jpg</img-c><img-d>https://www.trendyol.com/</img-d><img-e>https://www.trendyol.com/</img-e><img-f>https://www.trendyol.com/</img-f></images><urun_aciklamasi>Kadın Siyah Çiçek Desenli Kruvaze Elbise 9YXK6-41729-02</urun_aciklamasi><urun_stok>999</urun_stok><ceo>Kadın Siyah Çiçek Desenli Kruvaze Elbise 9YXK6-41729-02</ceo><urun_kelimeleri>Giyim/Elbise</urun_kelimeleri><meta_basligi>Xhan</meta_basligi><meta_aciklaması>Şimdi Moda - Yeni Koleksiyon </meta_aciklaması><urun_etikeleri>Giyim-Elbise</urun_etikeleri><urun_anaFiyati>39.99</urun_anaFiyati><urun_indirimOrani/><urun_satis_fiyati>39.99</urun_satis_fiyati><urun_kategorisi>Giyim/Elbise</urun_kategorisi></item><item><id>33603096</id><urun_adi>Trend: Alaçatı Stili</urun_adi><images><img-a>https://www.trendyol.com//assets/product/media/images/20191210/11/1199028/60313909/1/1_org_zoom.jpg</img-a><img-b>https://www.trendyol.com//assets/product/media/images/20191210/11/1199028/60313909/2/2_org_zoom.jpg</img-b><img-c>https://www.trendyol.com//assets/product/media/images/20191210/11/1199028/60313909/3/3_org_zoom.jpg</img-c><img-d>https://www.trendyol.com//assets/product/media/images/20191210/11/1199028/60313909/5/5_org_zoom.jpg</img-d><img-e>https://www.trendyol.com/</img-e><img-f>https://www.trendyol.com/</img-f></images><urun_aciklamasi>Kadın Siyah Kolu Nakış Baskılı Sweat Elbise ALC-X3095</urun_aciklamasi><urun_stok>999</urun_stok><ceo>Kadın Siyah Kolu Nakış Baskılı Sweat Elbise ALC-X3095</ceo><urun_kelimeleri>Giyim/Elbise</urun_kelimeleri><meta_basligi>Trend: Alaçatı Stili</meta_basligi><meta_aciklaması>Trend Alaçatı Stili - Kadın Tekstil</meta_aciklaması><urun_etikeleri>Giyim-Elbise</urun_etikeleri><urun_anaFiyati>46.99</urun_anaFiyati><urun_indirimOrani>Sepette %35 İndirim</urun_indirimOrani><urun_satis_fiyati>30.54</urun_satis_fiyati><urun_kategorisi>Giyim/Elbise</urun_kategorisi></item><item><id>32812068</id><urun_adi>TRENDYOLMİLLA</urun_adi><images><img-a>https://www.trendyol.com//assets/product/media/images/20191227/14/1841823/59086094/1/1_org_zoom.jpg</img-a><img-b>https://www.trendyol.com//assets/product/media/images/20191227/14/1841823/59086094/2/2_org_zoom.jpg</img-b><img-c>https://www.trendyol.com//assets/product/media/images/20191218/9/1570705/59086094/1/1_org_zoom.jpg</img-c><img-d>https://www.trendyol.com//assets/product/media/images/20191218/9/1570705/59086094/2/2_org_zoom.jpg</img-d><img-e>https://www.trendyol.com//assets/product/media/images/20191218/9/1570705/59086094/3/3_org_zoom.jpg</img-e><img-f>https://www.trendyol.com//assets/product/media/images/20191218/9/1570705/59086094/4/4_org_zoom.jpg</img-f></images><urun_aciklamasi>Ekru Boğazlı Triko Elbise TWOAW20EL2237</urun_aciklamasi><urun_stok>999</urun_stok><ceo>Ekru Boğazlı Triko Elbise TWOAW20EL2237</ceo><urun_kelimeleri>Giyim/Elbise</urun_kelimeleri><meta_basligi>TRENDYOLMİLLA</meta_basligi><meta_aciklaması>TRENDYOLMİLLA - Elbise Trendi</meta_aciklaması><urun_etikeleri>Giyim-Elbise</urun_etikeleri><urun_anaFiyati>79.99</urun_anaFiyati><urun_indirimOrani/><urun_satis_fiyati>79.99</urun_satis_fiyati><urun_kategorisi>Giyim/Elbise</urun_kategorisi></item><item><id>26866309</id><urun_adi>Pull &amp; Bear</urun_adi><images><img-a>https://www.trendyol.com//assets/product/images/1614/46245046/1/1_org_zoom.jpg</img-a><img-b>https://www.trendyol.com//assets/product/images/1614/46245046/3/3_org_zoom.jpg</img-b><img-c>https://www.trendyol.com//assets/product/images/1614/46245046/4/4_org_zoom.jpg</img-c><img-d>https://www.trendyol.com//assets/product/images/1614/46245046/5/5_org_zoom.jpg</img-d><img-e>https://www.trendyol.com/</img-e><img-f>https://www.trendyol.com/</img-f></images><urun_aciklamasi>Kadın Buz Rengi Desenli Gömlek Elbise 05470373</urun_aciklamasi><urun_stok>999</urun_stok><ceo>Kadın Buz Rengi Desenli Gömlek Elbise 05470373</ceo><urun_kelimeleri>Giyim/Elbise</urun_kelimeleri><meta_basligi>Pull &amp; Bear</meta_basligi><meta_aciklaması/><urun_etikeleri>Giyim-Elbise</urun_etikeleri><urun_anaFiyati>129.95</urun_anaFiyati><urun_indirimOrani/><urun_satis_fiyati>49.95</urun_satis_fiyati><urun_kategorisi>Giyim/Elbise</urun_kategorisi></item><item><id>31742465</id><urun_adi>Cool &amp; Sexy</urun_adi><images><img-a>https://www.trendyol.com//assets/product/media/images/20191002/10/283012/57088184/1/1_org_zoom.jpg</img-a><img-b>https://www.trendyol.com//assets/product/media/images/20191002/10/283012/57088184/2/2_org_zoom.jpg</img-b><img-c>https://www.trendyol.com//assets/product/media/images/20191002/10/283012/57088184/3/3_org_zoom.jpg</img-c><img-d>https://www.trendyol.com//assets/product/media/images/20191002/10/283012/57088184/4/4_org_zoom.jpg</img-d><img-e>https://www.trendyol.com//assets/product/media/images/20191002/10/283012/57088184/5/5_org_zoom.jpg</img-e><img-f>https://www.trendyol.com/</img-f></images><urun_aciklamasi>Kadın Siyah Leopar Desenli Sweat Elbise B16</urun_aciklamasi><urun_stok>999</urun_stok><ceo>Kadın Siyah Leopar Desenli Sweat Elbise B16</ceo><urun_kelimeleri>Giyim/Elbise</urun_kelimeleri><meta_basligi>Cool &amp; Sexy</meta_basligi><meta_aciklaması/><urun_etikeleri>Giyim-Elbise</urun_etikeleri><urun_anaFiyati>74.99</urun_anaFiyati><urun_indirimOrani/><urun_satis_fiyati>59.99</urun_satis_fiyati><urun_kategorisi>Giyim/Elbise</urun_kategorisi></item><item><id>29331909</id><urun_adi>TRENDYOLMİLLA</urun_adi><images><img-a>https://www.trendyol.com//assets/product/images/16182/53207596/1/1_org_zoom.jpg</img-a><img-b>https://www.trendyol.com//assets/product/images/16182/53207596/2/2_org_zoom.jpg</img-b><img-c>https://www.trendyol.com//assets/product/images/16182/53207596/3/3_org_zoom.jpg</img-c><img-d>https://www.trendyol.com//assets/product/images/16182/53207596/4/4_org_zoom.jpg</img-d><img-e>https://www.trendyol.com/</img-e><img-f>https://www.trendyol.com/</img-f></images><urun_aciklamasi>Zümrüt Yeşili Kuşaklı Elbise TWOAW20EL0789</urun_aciklamasi><urun_stok>999</urun_stok><ceo>Zümrüt Yeşili Kuşaklı Elbise TWOAW20EL0789</ceo><urun_kelimeleri>Giyim/Elbise</urun_kelimeleri><meta_basligi>TRENDYOLMİLLA</meta_basligi><meta_aciklaması>TRENDYOLMİLLA - Elbise Trendi</meta_aciklaması><urun_etikeleri>Giyim-Elbise</urun_etikeleri><urun_anaFiyati>54.99</urun_anaFiyati><urun_indirimOrani/><urun_satis_fiyati>54.99</urun_satis_fiyati><urun_kategorisi>Giyim/Elbise</urun_kategorisi></item><item><id>3371132</id><urun_adi>TRENDYOLMİLLA</urun_adi><images><img-a>https://www.trendyol.com//assets/product/media/images/20191218/9/1570705/14760055/1/1_org_zoom.jpg</img-a><img-b>https://www.trendyol.com//assets/product/media/images/20191218/9/1570705/14760055/2/2_org_zoom.jpg</img-b><img-c>https://www.trendyol.com//assets/product/media/images/20191218/9/1570705/14760055/3/3_org_zoom.jpg</img-c><img-d>https://www.trendyol.com//assets/product/media/images/20191218/9/1570705/14760055/4/4_org_zoom.jpg</img-d><img-e>https://www.trendyol.com//assets/product/media/images/20191218/9/1570705/14760055/5/5_org_zoom.jpg</img-e><img-f>https://www.trendyol.com//assets/product/images2/244744/14760055/1/1_org_zoom.jpg</img-f></images><urun_aciklamasi>Siyah Çiçek Desenli Elbise TCLAW19LJ0076</urun_aciklamasi><urun_stok>999</urun_stok><ceo>Siyah Çiçek Desenli Elbise TCLAW19LJ0076</ceo><urun_kelimeleri>Giyim/Elbise</urun_kelimeleri><meta_basligi>TRENDYOLMİLLA</meta_basligi><meta_aciklaması>TRENDYOLMİLLA - Elbise Trendi</meta_aciklaması><urun_etikeleri>Giyim-Elbise</urun_etikeleri><urun_anaFiyati>89.99</urun_anaFiyati><urun_indirimOrani/><urun_satis_fiyati>89.99</urun_satis_fiyati><urun_kategorisi>Giyim/Elbise</urun_kategorisi></item><item><id>31063569</id><urun_adi>Happiness İst.</urun_adi><images><img-a>https://www.trendyol.com//assets/product/images/6033/55904332/1/1_org_zoom.jpg</img-a><img-b>https://www.trendyol.com//assets/product/images/6033/55904332/2/2_org_zoom.jpg</img-b><img-c>https://www.trendyol.com//assets/product/images/6033/55904332/3/3_org_zoom.jpg</img-c><img-d>https://www.trendyol.com/</img-d><img-e>https://www.trendyol.com/</img-e><img-f>https://www.trendyol.com/</img-f></images><urun_aciklamasi>Kadın Hardal Blok Parçalı Elbise 2863 DD00151</urun_aciklamasi><urun_stok>999</urun_stok><ceo>Kadın Hardal Blok Parçalı Elbise 2863 DD00151</ceo><urun_kelimeleri>Giyim/Elbise</urun_kelimeleri><meta_basligi>Happiness İst.</meta_basligi><meta_aciklaması>Happiness IST. - Yeni Sezon- Kadın Tekstil</meta_aciklaması><urun_etikeleri>Giyim-Elbise</urun_etikeleri><urun_anaFiyati>59.95</urun_anaFiyati><urun_indirimOrani>Sepette %20 İndirim</urun_indirimOrani><urun_satis_fiyati>47.96</urun_satis_fiyati><urun_kategorisi>Giyim/Elbise</urun_kategorisi></item><item><id>31765023</id><urun_adi>TRENDYOLMİLLA</urun_adi><images><img-a>https://www.trendyol.com//assets/product/media/images/20191010/11/356858/57119182/4/4_org_zoom.jpg</img-a><img-b>https://www.trendyol.com//assets/product/media/images/20191010/11/356858/57119182/3/3_org_zoom.jpg</img-b><img-c>https://www.trendyol.com//assets/product/media/images/20191010/11/356858/57119182/5/5_org_zoom.jpg</img-c><img-d>https://www.trendyol.com//assets/product/media/images/20191010/11/356858/57119182/1/1_org_zoom.jpg</img-d><img-e>https://www.trendyol.com//assets/product/media/images/20191010/11/356858/57119182/2/2_org_zoom.jpg</img-e><img-f>https://www.trendyol.com/</img-f></images><urun_aciklamasi>Siyah Dantel Elbise TPRAW20EL1389</urun_aciklamasi><urun_stok>999</urun_stok><ceo>Siyah Dantel Elbise TPRAW20EL1389</ceo><urun_kelimeleri>Giyim/Elbise</urun_kelimeleri><meta_basligi>TRENDYOLMİLLA</meta_basligi><meta_aciklaması>TRENDYOLMİLLA - Elbise Trendi</meta_aciklaması><urun_etikeleri>Giyim-Elbise</urun_etikeleri><urun_anaFiyati>127.99</urun_anaFiyati><urun_indirimOrani/><urun_satis_fiyati>99.99</urun_satis_fiyati><urun_kategorisi>Giyim/Elbise</urun_kategorisi></item><item><id>31263859</id><urun_adi>TRENDYOLMİLLA</urun_adi><images><img-a>https://www.trendyol.com//assets/product/images/30815/56209479/6/6_org_zoom.jpg</img-a><img-b>https://www.trendyol.com//assets/product/images/30815/56209479/7/7_org_zoom.jpg</img-b><img-c>https://www.trendyol.com//assets/product/images/30815/56209479/5/5_org_zoom.jpg</img-c><img-d>https://www.trendyol.com//assets/product/images/30815/56209479/8/8_org_zoom.jpg</img-d><img-e>https://www.trendyol.com//assets/product/images/30815/56209479/9/9_org_zoom.jpg</img-e><img-f>https://www.trendyol.com/</img-f></images><urun_aciklamasi>Petrol Anvelop Kadife Elbise TPRAW19FZ0217</urun_aciklamasi><urun_stok>999</urun_stok><ceo>Petrol Anvelop Kadife Elbise TPRAW19FZ0217</ceo><urun_kelimeleri>Giyim/Elbise</urun_kelimeleri><meta_basligi>TRENDYOLMİLLA</meta_basligi><meta_aciklaması>TRENDYOLMİLLA - Elbise Trendi</meta_aciklaması><urun_etikeleri>Giyim-Elbise</urun_etikeleri><urun_anaFiyati>99.99</urun_anaFiyati><urun_indirimOrani/><urun_satis_fiyati>99.99</urun_satis_fiyati><urun_kategorisi>Giyim/Elbise</urun_kategorisi></item><item><id>32244106</id><urun_adi>TRENDYOLMİLLA</urun_adi><images><img-a>https://www.trendyol.com//assets/product/media/images/20191218/9/1570705/57964138/1/1_org_zoom.jpg</img-a><img-b>https://www.trendyol.com//assets/product/media/images/20191218/9/1570705/57964138/2/2_org_zoom.jpg</img-b><img-c>https://www.trendyol.com//assets/product/media/images/20191218/9/1570705/57964138/3/3_org_zoom.jpg</img-c><img-d>https://www.trendyol.com//assets/product/media/images/20191218/9/1570705/57964138/4/4_org_zoom.jpg</img-d><img-e>https://www.trendyol.com//assets/product/media/images/20191101/16/490767/57964138/1/1_org_zoom.jpg</img-e><img-f>https://www.trendyol.com//assets/product/media/images/20191101/16/490767/57964138/2/2_org_zoom.jpg</img-f></images><urun_aciklamasi>Çok Renkli Örme Elbise TWOAW20EL2099</urun_aciklamasi><urun_stok>999</urun_stok><ceo>Çok Renkli Örme Elbise TWOAW20EL2099</ceo><urun_kelimeleri>Giyim/Elbise</urun_kelimeleri><meta_basligi>TRENDYOLMİLLA</meta_basligi><meta_aciklaması>TRENDYOLMİLLA - Elbise Trendi</meta_aciklaması><urun_etikeleri>Giyim-Elbise</urun_etikeleri><urun_anaFiyati>79.99</urun_anaFiyati><urun_indirimOrani/><urun_satis_fiyati>79.99</urun_satis_fiyati><urun_kategorisi>Giyim/Elbise</urun_kategorisi></item><item><id>32242902</id><urun_adi>TRENDYOLMİLLA</urun_adi><images><img-a>https://www.trendyol.com//assets/product/media/images/20191216/8/1433891/57960917/1/1_org_zoom.jpg</img-a><img-b>https://www.trendyol.com//assets/product/media/images/20191216/8/1433891/57960917/2/2_org_zoom.jpg</img-b><img-c>https://www.trendyol.com//assets/product/media/images/20191216/8/1433891/57960917/3/3_org_zoom.jpg</img-c><img-d>https://www.trendyol.com//assets/product/media/images/20191216/8/1433891/57960917/4/4_org_zoom.jpg</img-d><img-e>https://www.trendyol.com//assets/product/media/images/20191101/11/487850/57960917/1/1_org_zoom.jpg</img-e><img-f>https://www.trendyol.com//assets/product/media/images/20191101/11/487850/57960917/2/2_org_zoom.jpg</img-f></images><urun_aciklamasi>Bordo Kemer Detaylı Ekose Desen Örme Elbise TWOAW20EL2103</urun_aciklamasi><urun_stok>999</urun_stok><ceo>Bordo Kemer Detaylı Ekose Desen Örme Elbise TWOAW20EL2103</ceo><urun_kelimeleri>Giyim/Elbise</urun_kelimeleri><meta_basligi>TRENDYOLMİLLA</meta_basligi><meta_aciklaması>TRENDYOLMİLLA - Elbise Trendi</meta_aciklaması><urun_etikeleri>Giyim-Elbise</urun_etikeleri><urun_anaFiyati>89.99</urun_anaFiyati><urun_indirimOrani/><urun_satis_fiyati>89.99</urun_satis_fiyati><urun_kategorisi>Giyim/Elbise</urun_kategorisi></item><item><id>31298831</id><urun_adi>TRENDYOLMİLLA</urun_adi><images><img-a>https://www.trendyol.com//assets/product/media/images/20191218/16/1599969/56272701/1/1_org_zoom.jpg</img-a><img-b>https://www.trendyol.com//assets/product/media/images/20191218/16/1599969/56272701/2/2_org_zoom.jpg</img-b><img-c>https://www.trendyol.com//assets/product/media/images/20191218/16/1599969/56272701/3/3_org_zoom.jpg</img-c><img-d>https://www.trendyol.com//assets/product/media/images/20191218/16/1599969/56272701/4/4_org_zoom.jpg</img-d><img-e>https://www.trendyol.com//assets/product/media/images/20191218/16/1599969/56272701/5/5_org_zoom.jpg</img-e><img-f>https://www.trendyol.com//assets/product/images/213842/56272701/1/1_org_zoom.jpg</img-f></images><urun_aciklamasi>Gri Ekoseli Jile Elbise TWOAW20EL0292</urun_aciklamasi><urun_stok>999</urun_stok><ceo>Gri Ekoseli Jile Elbise TWOAW20EL0292</ceo><urun_kelimeleri>Giyim/Elbise</urun_kelimeleri><meta_basligi>TRENDYOLMİLLA</meta_basligi><meta_aciklaması>TRENDYOLMİLLA - Elbise Trendi</meta_aciklaması><urun_etikeleri>Giyim-Elbise</urun_etikeleri><urun_anaFiyati>69.99</urun_anaFiyati><urun_indirimOrani/><urun_satis_fiyati>69.99</urun_satis_fiyati><urun_kategorisi>Giyim/Elbise</urun_kategorisi></item><item><id>13869909</id><urun_adi>TRENDYOLMİLLA</urun_adi><images><img-a>https://www.trendyol.com//assets/product/images/5685/31221196/1/1_org_zoom.jpg</img-a><img-b>https://www.trendyol.com//assets/product/images/5685/31221196/2/2_org_zoom.jpg</img-b><img-c>https://www.trendyol.com//assets/product/images/5685/31221196/3/3_org_zoom.jpg</img-c><img-d>https://www.trendyol.com//assets/product/images/5685/31221196/4/4_org_zoom.jpg</img-d><img-e>https://www.trendyol.com//assets/product/images/5685/31221196/5/5_org_zoom.jpg</img-e><img-f>https://www.trendyol.com/</img-f></images><urun_aciklamasi>Ekru Kaz Ayağı Desenli Jile Elbise TWOAW20EL0208</urun_aciklamasi><urun_stok>999</urun_stok><ceo>Ekru Kaz Ayağı Desenli Jile Elbise TWOAW20EL0208</ceo><urun_kelimeleri>Giyim/Elbise</urun_kelimeleri><meta_basligi>TRENDYOLMİLLA</meta_basligi><meta_aciklaması>TRENDYOLMİLLA - Elbise Trendi</meta_aciklaması><urun_etikeleri>Giyim-Elbise</urun_etikeleri><urun_anaFiyati>44.99</urun_anaFiyati><urun_indirimOrani/><urun_satis_fiyati>44.99</urun_satis_fiyati><urun_kategorisi>Giyim/Elbise</urun_kategorisi></item><item><id>34194570</id><urun_adi>Happiness İst.</urun_adi><images><img-a>https://www.trendyol.com//assets/product/media/images/20191223/15/1748552/61214158/1/1_org_zoom.jpg</img-a><img-b>https://www.trendyol.com//assets/product/media/images/20191223/15/1748552/61214158/2/2_org_zoom.jpg</img-b><img-c>https://www.trendyol.com/</img-c><img-d>https://www.trendyol.com/</img-d><img-e>https://www.trendyol.com/</img-e><img-f>https://www.trendyol.com/</img-f></images><urun_aciklamasi>Kadın Siyah Kruvaze Fitilli Triko Elbise AV00010</urun_aciklamasi><urun_stok>999</urun_stok><ceo>Kadın Siyah Kruvaze Fitilli Triko Elbise AV00010</ceo><urun_kelimeleri>Giyim/Elbise</urun_kelimeleri><meta_basligi>Happiness İst.</meta_basligi><meta_aciklaması>Happiness IST. - Yeni Sezon- Kadın Tekstil</meta_aciklaması><urun_etikeleri>Giyim-Elbise</urun_etikeleri><urun_anaFiyati>99.95</urun_anaFiyati><urun_indirimOrani>Sepette %20 İndirim</urun_indirimOrani><urun_satis_fiyati>79.96</urun_satis_fiyati><urun_kategorisi>Giyim/Elbise</urun_kategorisi></item><item><id>34350014</id><urun_adi>armonika</urun_adi><images><img-a>https://www.trendyol.com//assets/product/media/images/20191230/10/1857961/61476208/1/1_org_zoom.jpg</img-a><img-b>https://www.trendyol.com//assets/product/media/images/20191230/10/1857961/61476208/2/2_org_zoom.jpg</img-b><img-c>https://www.trendyol.com//assets/product/media/images/20191230/10/1857961/61476208/3/3_org_zoom.jpg</img-c><img-d>https://www.trendyol.com//assets/product/media/images/20191230/10/1857961/61476208/4/4_org_zoom.jpg</img-d><img-e>https://www.trendyol.com/</img-e><img-f>https://www.trendyol.com/</img-f></images><urun_aciklamasi>Kadın Siyah Kolu Balonlu Kadife Elbise ARM-20K001107</urun_aciklamasi><urun_stok>999</urun_stok><ceo>Kadın Siyah Kolu Balonlu Kadife Elbise ARM-20K001107</ceo><urun_kelimeleri>Giyim/Elbise</urun_kelimeleri><meta_basligi>armonika</meta_basligi><meta_aciklaması>İlham Veren Stiller by Armonika - Kadın Tekstil</meta_aciklaması><urun_etikeleri>Giyim-Elbise</urun_etikeleri><urun_anaFiyati>39.95</urun_anaFiyati><urun_indirimOrani>Sepette %25 İndirim</urun_indirimOrani><urun_satis_fiyati>29.96</urun_satis_fiyati><urun_kategorisi>Giyim/Elbise</urun_kategorisi></item><item><id>33603089</id><urun_adi>Trend: Alaçatı Stili</urun_adi><images><img-a>https://www.trendyol.com//assets/product/media/images/20191210/11/1199028/60313899/1/1_org_zoom.jpg</img-a><img-b>https://www.trendyol.com//assets/product/media/images/20191210/11/1199028/60313899/3/3_org_zoom.jpg</img-b><img-c>https://www.trendyol.com//assets/product/media/images/20191210/11/1199028/60313899/4/4_org_zoom.jpg</img-c><img-d>https://www.trendyol.com/</img-d><img-e>https://www.trendyol.com/</img-e><img-f>https://www.trendyol.com/</img-f></images><urun_aciklamasi>Kadın Siyah Eteği Dantelli Triko Elbise ALC-X3101</urun_aciklamasi><urun_stok>999</urun_stok><ceo>Kadın Siyah Eteği Dantelli Triko Elbise ALC-X3101</ceo><urun_kelimeleri>Giyim/Elbise</urun_kelimeleri><meta_basligi>Trend: Alaçatı Stili</meta_basligi><meta_aciklaması>Trend Alaçatı Stili - Kadın Tekstil</meta_aciklaması><urun_etikeleri>Giyim-Elbise</urun_etikeleri><urun_anaFiyati>69.99</urun_anaFiyati><urun_indirimOrani>Sepette %35 İndirim</urun_indirimOrani><urun_satis_fiyati>45.49</urun_satis_fiyati><urun_kategorisi>Giyim/Elbise</urun_kategorisi></item><item><id>31939189</id><urun_adi>Ola</urun_adi><images><img-a>https://www.trendyol.com//assets/product/media/images/20191011/11/364499/57406080/1/1_org_zoom.jpg</img-a><img-b>https://www.trendyol.com//assets/product/media/images/20191011/11/364499/57406080/2/2_org_zoom.jpg</img-b><img-c>https://www.trendyol.com//assets/product/media/images/20191011/11/364499/57406080/3/3_org_zoom.jpg</img-c><img-d>https://www.trendyol.com//assets/product/media/images/20191011/11/364499/57406080/4/4_org_zoom.jpg</img-d><img-e>https://www.trendyol.com/</img-e><img-f>https://www.trendyol.com/</img-f></images><urun_aciklamasi>Kadın Bordo Bel Ve Manşet Detaylı Kaşe Elbise ELB-19000811</urun_aciklamasi><urun_stok>999</urun_stok><ceo>Kadın Bordo Bel Ve Manşet Detaylı Kaşe Elbise ELB-19000811</ceo><urun_kelimeleri>Giyim/Elbise</urun_kelimeleri><meta_basligi>Ola</meta_basligi><meta_aciklaması/><urun_etikeleri>Giyim-Elbise</urun_etikeleri><urun_anaFiyati>59.99</urun_anaFiyati><urun_indirimOrani/><urun_satis_fiyati>59.99</urun_satis_fiyati><urun_kategorisi>Giyim/Elbise</urun_kategorisi></item><item><id>31297471</id><urun_adi>Xhan</urun_adi><images><img-a>https://www.trendyol.com//assets/product/images/23695/56269396/1/1_org_zoom.jpg</img-a><img-b>https://www.trendyol.com//assets/product/images/23695/56269396/2/2_org_zoom.jpg</img-b><img-c>https://www.trendyol.com//assets/product/images/23695/56269396/3/3_org_zoom.jpg</img-c><img-d>https://www.trendyol.com/</img-d><img-e>https://www.trendyol.com/</img-e><img-f>https://www.trendyol.com/</img-f></images><urun_aciklamasi>Kadın Siyah Yakası Bağlamalı Çiçek Desenli Elbise 9YXK6-41728-02</urun_aciklamasi><urun_stok>999</urun_stok><ceo>Kadın Siyah Yakası Bağlamalı Çiçek Desenli Elbise 9YXK6-41728-02</ceo><urun_kelimeleri>Giyim/Elbise</urun_kelimeleri><meta_basligi>Xhan</meta_basligi><meta_aciklaması/><urun_etikeleri>Giyim-Elbise</urun_etikeleri><urun_anaFiyati>49.99</urun_anaFiyati><urun_indirimOrani/><urun_satis_fiyati>49.99</urun_satis_fiyati><urun_kategorisi>Giyim/Elbise</urun_kategorisi></item><item><id>31366435</id><urun_adi>İpekyol</urun_adi><images><img-a>https://www.trendyol.com//assets/product/images/29900/56445149/1/1_org_zoom.jpeg</img-a><img-b>https://www.trendyol.com//assets/product/images/29900/56445149/2/2_org_zoom.jpeg</img-b><img-c>https://www.trendyol.com//assets/product/images/29900/56445149/3/3_org_zoom.jpeg</img-c><img-d>https://www.trendyol.com//assets/product/images/29900/56445149/4/4_org_zoom.jpeg</img-d><img-e>https://www.trendyol.com//assets/product/images/29900/56445149/5/5_org_zoom.jpeg</img-e><img-f>https://www.trendyol.com/</img-f></images><urun_aciklamasi>Kadın Naturel Pilise Örme Kuşaklı Triko Elbise IW6190002198003</urun_aciklamasi><urun_stok>999</urun_stok><ceo>Kadın Naturel Pilise Örme Kuşaklı Triko Elbise IW6190002198003</ceo><urun_kelimeleri>Giyim/Elbise</urun_kelimeleri><meta_basligi>İpekyol</meta_basligi><meta_aciklaması>İpekyol - Yeni Sezon </meta_aciklaması><urun_etikeleri>Giyim-Elbise</urun_etikeleri><urun_anaFiyati>1250</urun_anaFiyati><urun_indirimOrani/><urun_satis_fiyati>438</urun_satis_fiyati><urun_kategorisi>Giyim/Elbise</urun_kategorisi></item><item><id>31078803</id><urun_adi>TRENDYOLMİLLA</urun_adi><images><img-a>https://www.trendyol.com//assets/product/media/images/20191216/8/1433891/55931626/1/1_org_zoom.jpg</img-a><img-b>https://www.trendyol.com//assets/product/media/images/20191216/8/1433891/55931626/2/2_org_zoom.jpg</img-b><img-c>https://www.trendyol.com//assets/product/media/images/20191216/8/1433891/55931626/3/3_org_zoom.jpg</img-c><img-d>https://www.trendyol.com//assets/product/media/images/20191216/8/1433891/55931626/4/4_org_zoom.jpg</img-d><img-e>https://www.trendyol.com//assets/product/media/images/20191216/8/1433891/55931626/5/5_org_zoom.jpg</img-e><img-f>https://www.trendyol.com//assets/product/images/18168/55931626/1/1_org_zoom.jpg</img-f></images><urun_aciklamasi>Siyah Selanik Örme Elbise TWOAW20EL1110</urun_aciklamasi><urun_stok>999</urun_stok><ceo>Siyah Selanik Örme Elbise TWOAW20EL1110</ceo><urun_kelimeleri>Giyim/Elbise</urun_kelimeleri><meta_basligi>TRENDYOLMİLLA</meta_basligi><meta_aciklaması>TRENDYOLMİLLA - Elbise Trendi</meta_aciklaması><urun_etikeleri>Giyim-Elbise</urun_etikeleri><urun_anaFiyati>69.99</urun_anaFiyati><urun_indirimOrani/><urun_satis_fiyati>69.99</urun_satis_fiyati><urun_kategorisi>Giyim/Elbise</urun_kategorisi></item><item><id>32178901</id><urun_adi>TRENDYOLMİLLA</urun_adi><images><img-a>https://www.trendyol.com//assets/product/media/images/20191101/9/487430/57827494/1/1_org_zoom.jpg</img-a><img-b>https://www.trendyol.com//assets/product/media/images/20191101/9/487430/57827494/2/2_org_zoom.jpg</img-b><img-c>https://www.trendyol.com//assets/product/media/images/20191101/9/487430/57827494/3/3_org_zoom.jpg</img-c><img-d>https://www.trendyol.com//assets/product/media/images/20191101/9/487430/57827494/4/4_org_zoom.jpg</img-d><img-e>https://www.trendyol.com//assets/product/media/images/20191101/9/487430/57827494/5/5_org_zoom.jpg</img-e><img-f>https://www.trendyol.com/</img-f></images><urun_aciklamasi>Antrasit Jile Elbise TWOAW20EL2134</urun_aciklamasi><urun_stok>999</urun_stok><ceo>Antrasit Jile Elbise TWOAW20EL2134</ceo><urun_kelimeleri>Giyim/Elbise</urun_kelimeleri><meta_basligi>TRENDYOLMİLLA</meta_basligi><meta_aciklaması>TRENDYOLMİLLA - Elbise Trendi</meta_aciklaması><urun_etikeleri>Giyim-Elbise</urun_etikeleri><urun_anaFiyati>54.99</urun_anaFiyati><urun_indirimOrani/><urun_satis_fiyati>54.99</urun_satis_fiyati><urun_kategorisi>Giyim/Elbise</urun_kategorisi></item></trendyol>
